{"a":{"A":[[16.04,7.52,-4.489999999999999],[7.52,4.76,-2.2449999999999997],[-4.489999999999999,-2.2449999999999997,2.3525000000000005]],"b":[12.120000000000001,6.0600000000000005,-3.5700000000000016]},"b":{"A":[[16.0,-3.0000000000000004,6.000000000000001],[-3.0000000000000004,1.6000000000000005,-1.2000000000000006],[6.000000000000001,-1.2000000000000006,3.400000000000002]],"b":[6.000000000000001,-1.2000000000000006,2.4000000000000012]},"m1":{"A":[[1.01,0.020000000000000004,0.03],[0.020000000000000004,1.04,0.06],[0.03,0.06,1.09]],"b":[0.05,0.1,0.15]},"m2":{"A":[[1.0,0.0,0.0],[0.0,1.0,0.0],[0.0,0.0,1.0]],"b":[0.0,0.0,0.0]}}