{"arm1":{"A":[[7.0,6.0],[6.0,7.0]],"b":[5.2,5.2]},"fast":{"A":[[51.0,50.0],[50.0,51.0]],"b":[44.99999999999996,44.99999999999996]},"slow":{"A":[[1.0,0.0],[0.0,1.0]],"b":[0.0,0.0]}}