{"A":{"alpha":21.9,"beta":1.1},"B":{"alpha":1.1,"beta":1.9},"slow":{"alpha":1.2000000000000002,"beta":2.8},"fast":{"alpha":35.199999999999974,"beta":4.8},"m1":{"alpha":1.8,"beta":1.2},"m2":{"alpha":2.375,"beta":1.625},"x":{"alpha":9.0,"beta":1.0},"y":{"alpha":1.0,"beta":3.0}}